studentNo,name,courseCode,academicYear,section,room,cabinet,drawer
2021-18918-SJ-0,Angelo E. Aquino,BSPSYCH,2021,3-1,1,D,3
2022-95929-SJ-0,Felicidad N. Aquino,BSEDUC,2022,3-2,1,A,4
2023-40305-SJ-0,Carmelo M. Bautista,BSENT,2023,3-2,1,B,2
2022-63231-SJ-0,Dante O. Bautista,BSENT,2022,3-1,1,F,1
2022-23201-SJ-0,Edgar G. Bautista,BSENT,2022,3-2,1,E,2
2023-89574-SJ-0,Hazel N. Bautista,BSENT,2023,3-2,1,D,1
2025-60007-MN-0,Julianne Marie Mercado Bautista,BSIT,2025,BSIT-4A,5,2026,1
2024-75498-SJ-0,Benjie O. Bernardo,BSENT,2024,4-1,1,C,3
2025-10015-SJ-0,Richie Carson,BSIT,2025,4-1,1,B,2
2025-29174-SJ-0,Bernadette E. Castillo,BSIT,2025,3-2,1,F,2
2024-70644-SJ-0,Edgar B. Castillo,BSIT,2024,4-1,1,F,4
2024-90065-SJ-0,Felicidad A. Castillo,BSENT,2024,4-2,1,C,3
2022-86242-SJ-0,Edgar A. Castro,BSIT,2022,3-1,1,E,3
2021-96883-SJ-0,Felicidad M. Castro,BSIT,2021,1-2,1,F,1
2022-73723-SJ-0,Rowena A. Castro,BSIT,2022,2-1,1,E,2
2014-11001-SJ-0,Jayden K. Choudhury,BSIT,2025,4-1,1,B,4
2023-20382-SJ-0,Daphne P. Cruz,BSENT,2023,4-2,1,F,1
2019-14003-SJ-0,Ramon T. Cruz,BSIT,2025,4-1,1,C,2
2025-90001-MN-0,Angela M. De La Rosa,BSA,2026,BSA-2A,1,A,1
2023-70215-SJ-0,Arnel P. De Leon,BSENT,2023,3-1,1,C,4
2021-90359-SJ-0,Hazel D. De Leon,DIT,2021,1-2,1,A,3
2025-60008-MN-1,Julian Carlo Santos De Leon,BSIT,2025,BSIT-4A,5,2026,2
2021-72544-SJ-0,Carmelo Y. Del Rosario,BSEDUC,2021,3-2,1,C,4
2025-61833-SJ-0,Ismael C. Del Rosario,BSENT,2025,4-1,1,A,3
2025-10008-SJ-0,Juan A. Dela Cruz,BSIT,2025,4-1,1,C,1
2025-10006-SJ-0,Juan Aquino L. Dela Cruz,BSIT,2025,4-1,1,B,3
2022-10001-MN-1,Juan A. Dela Cruz,BSIT,2024,BSIT-4A,1,2020,1
2025-10001-SJ-0,Harold Prince E. Dela Peña,BSIT,2025,4-1,1,A,1
2024-27660-SJ-0,Bernadette B. Dizon,BSIT,2024,2-2,1,E,4
2025-10011-SJ-0,Kaleb Dorsey,BSIT,2025,4-1,1,A,1
2025-10014-SJ-0,Edmund Elliott,BSIT,2025,4-1,1,B,1
2020-50006-MN-0,Elena F. Flores,BSIT,2024,BSIT-4B,4,2025,2
2025-10002-SJ-0,Rj Jack A. Florida,BSIT,2025,4-1,1,A,2
2021-30411-SJ-0,Rico G. Garcia,DIT,2021,3-1,1,D,2
2021-30004-MN-1,Ana D. Garcia,BSCS,2024,BSCS-3A,3,2023,4
2024-46619-SJ-0,Efren G. Gonzales,BSEDUC,2024,2-2,1,F,4
2023-50683-SJ-0,Arnel B. Jimenez,BSENT,2023,4-1,1,C,4
2022-36462-SJ-0,Rowena Y. Jimenez,DIT,2022,1-1,1,E,3
2018-13002-SJ-0,Sarah B. Khan,BSIT,2025,4-1,1,C,3
2021-19500-SJ-0,Efren N. Lim,BSPSYCH,2021,3-2,1,C,2
2022-69082-SJ-0,Gregorio D. Lopez,BSBA-FM,2022,1-2,1,F,4
2023-88388-SJ-0,Jocelyn P. Lopez,BSENT,2023,4-1,1,B,1
2025-10003-SJ-0,Cedrick Joseph H. Mariano,BSIT,2025,4-1,1,A,3
2021-00123-SJ-0,Cedrick Mariano,BSIT,4,BSIT-4A,1,A,1
2025-10004-SJ-0,Paulo D. Masulino,BSIT,2025,4-1,1,B,1
2024-38658-SJ-0,Teresa L. Mendoza,BSENT,2024,3-1,1,B,2
2025-10009-SJ-0,Liam Carter V. Mercado,BSIT,2025,4-1,1,C,2
2025-60010-MN-0,Liam Carter Valencia Mercado,BSIT,2025,BSIT-4B,5,2026,4
2025-10013-SJ-0,Aiden Morrow,BSIT,2025,4-1,1,A,3
2021-49473-SJ-0,Angelo E. Navarro,BSBA-FM,2021,4-1,1,F,3
2021-95252-SJ-0,Benjie A. Navarro,BSENT,2021,3-2,1,B,3
2023-49949-SJ-0,Bernadette P. Pineda,BSBA-FM,2023,4-2,1,B,2
2025-87570-SJ-0,Edgar J. Pineda,BSENT,2025,3-1,1,F,4
2023-99337-SJ-0,Edgar L. Pineda,BSIT,2023,2-1,1,E,2
2021-54905-SJ-0,Paolo A. Pineda,DIT,2021,3-1,1,D,1
2025-10005-SJ-0,Joshua D. Poche,BSIT,2025,4-1,1,B,2
2023-38462-SJ-0,Cynthia C. Quizon,BSENT,2023,3-2,1,B,1
2025-10010-SJ-0,Gabriel Mateo S. Ramirez,BSIT,2025,4-1,1,C,3
2025-60009-MN-2,Gabriel Mateo Santos Ramirez,BSIT,2025,BSIT-4B,5,2026,3
2021-53293-SJ-0,Dante Y. Ramos,BSIT,2021,4-1,1,B,2
2021-89377-SJ-0,Oscar M. Ramos,BSPSYCH,2021,2-1,1,C,2
2022-25152-SJ-0,Carmelo O. Reyes,BSEDUC,2022,1-2,1,F,3
2022-45407-SJ-0,Gina W. Reyes,BSENT,2022,3-2,1,D,2
2021-25001-SJ-0,Maria L. Reyes,BSIT,2025,4-1,1,C,1
2025-44020-SJ-0,Oscar M. Reyes,BSEDUC,2025,3-1,1,F,4
2023-20003-MN-0,Carlos C. Reyes,BSIT,2025,BSIT-4B,2,2022,3
2025-81457-SJ-0,Teresa G. Salvador,BSEDUC,2025,4-2,1,E,1
2025-10016-SJ-0,Carmela Santos,BSIT,2025,4-1,1,D,1
2025-10007-SJ-0,Maria B. Santos,BSIT,2025,4-1,1,B,4
2024-42629-SJ-0,Nina D. Santos,BSENT,2024,4-1,1,B,1
2022-10002-MN-2,Maria B. Santos,BSIT,2024,BSIT-4A,1,2021,2
2021-74251-SJ-0,Angelo S. Sarmiento,BSENT,2021,4-1,1,D,2
2021-79815-SJ-0,Gabriel H. Sarmiento,BSENT,2021,2-1,1,A,3
2016-11005-SJ-0,Anika R. Sharma,BSIT,2025,4-1,1,B,3
2017-12001-SJ-0,Anika R. Sharma,BSIT,2025,4-1,1,C,4
2023-34236-SJ-0,Cynthia T. Sison,BSENT,2023,2-1,1,C,2
2023-00001-IT-1,Student Test,BSIT,4,BSIT-4A,1,2027,1
2025-39624-SJ-0,Hazel F. Torres,BSBA-FM,2025,3-1,1,D,2
2025-79356-SJ-0,Imelda M. Torres,BSIT,2025,4-1,1,E,4
2024-40005-MN-2,Luis E. Torres,BSCS,2025,BSCS-3A,1,2024,1
2025-26225-SJ-0,Mario W. Velasco,BSENT,2025,2-2,1,F,4
2024-28499-SJ-0,Nina N. Velasco,BSPSYCH,2024,2-1,1,D,2
2023-15891-SJ-0,Arnel D. Villanueva,BSPSYCH,2023,2-2,1,B,2
2025-10012-SJ-0,Tiago Webb,BSIT,2025,4-1,1,A,2
2021-60886-SJ-0,Cynthia F. Zuniga,DIT,2021,1-1,1,E,2
