question,required
What was the name of your first elementary school?,true
What was the make and model of your first vehicle?,false
In what city or municipality were your parents married?,true
What was your childhood best friend's nickname?,false
What is the title of the first book you remember reading?,false
What street did your family live on when you were ten years old?,true
What was the full name of your favorite high school teacher?,false
What was the destination of your first family summer vacation?,false
In what hospital or lying-in clinic were you born?,false
What was the name of your first childhood pet dog or cat?,false
What was the first concert or live stage performance you attended?,false
What was the name of the company at your very first job?,false
