Organization,Acronym,Category,Adviser,Email,Room,Cabinet,Drawer
Junior Financial Executives (JFINEX),JFINEX,Academic,Dr. Milton Friedman,mfriedman@pup.edu.ph,1,ACADEMIC ORGANIZATIONS,1
Young Educators Society (YES),YES,Academic,Prof. Maria Montessori,mmontessori@pup.edu.ph,1,ACADEMIC ORGANIZATIONS,2
Junior Philippine Institute of Accountants (JPIA),JPIA,Academic,Prof. Pacioli Luca,pluca@pup.edu.ph,1,ACADEMIC ORGANIZATIONS,3
Collegiate Entrepreneurs' Organization (CEO),CEO,Academic,Prof. Joseph Schumpeter,jschumpeter@pup.edu.ph,1,ACADEMIC ORGANIZATIONS,4
Hospitality Management Society (HM Society),HM SOCIETY,Academic,Prof. Cesar Ritz,critz@pup.edu.ph,1,ACADEMIC ORGANIZATIONS,5
Governing League of I.T. Challengers (GLITCH),GLITCH,Academic,Prof. Alan Turing,aturing@pup.edu.ph,1,ACADEMIC ORGANIZATIONS,6
Psychological Society (PSYSOC),PSYSOC,Academic,Dr. Carl Rogers,crogers@pup.edu.ph,1,ACADEMIC ORGANIZATIONS,7
PYLON E-Sports,PYLON,Non-Academic,Engr. Kevin Lim,klim@pup.edu.ph,1,NON-ACADEMIC ORGANIZATIONS,1
Rotaract Club of PUP San Juan,ROTARACT,Non-Academic,Dr. Clara Barton,cbarton@pup.edu.ph,1,NON-ACADEMIC ORGANIZATIONS,2
Helping Hands Community (HHC),HHC,Non-Academic,Dr. Maria Santos,msantos@pup.edu.ph,1,NON-ACADEMIC ORGANIZATIONS,3
Alab Danse Club (ADC),ADC,Non-Academic,Prof. Francisca Reyes-Aquino,faquino@pup.edu.ph,1,NON-ACADEMIC ORGANIZATIONS,4
The Paraseist,PARASEIST,Non-Academic,Prof. Lamberto Avellana,lavellana@pup.edu.ph,1,NON-ACADEMIC ORGANIZATIONS,5
Student Assembly (SA),SA,Non-Academic,Dean Roberto Gomez,rgomez@pup.edu.ph,1,NON-ACADEMIC ORGANIZATIONS,6
PUP Lente Filikulas,LENTE FILIKULAS,Non-Academic,Prof. Ishmael Bernal,ibernal@pup.edu.ph,1,NON-ACADEMIC ORGANIZATIONS,7
